ID,Name,PhotoUrl
675558622,Terry Price,https://randomuser.me/api/portraits/men/41.jpg
600983100,Miguel Vargas,https://randomuser.me/api/portraits/men/2.jpg
653961610,Kevin Duncan,https://randomuser.me/api/portraits/men/7.jpg
171714205,Gladys Perry,https://randomuser.me/api/portraits/women/6.jpg
241571677,Kim Nichols,https://randomuser.me/api/portraits/women/85.jpg
711083104,Andrea Burns,https://randomuser.me/api/portraits/women/8.jpg
171306579,Shawn Fields,https://randomuser.me/api/portraits/men/91.jpg
381963053,Irene Newman,https://randomuser.me/api/portraits/women/22.jpg
565513032,Hazel Hale,https://randomuser.me/api/portraits/women/49.jpg
176379047,Leta Douglas,https://randomuser.me/api/portraits/women/54.jpg
